{
  "adapter": "omega",
  "model": "gpt-4o",
  "phases": {
    "1": 0.3137254901960784,
    "2": 0.42424242424242425,
    "3": 0.2727272727272727,
    "4": 0.2549019607843137
  },
  "slope": -0.03279857397504457,
  "recall_at_age": {
    "0-100": 0.33783783783783783,
    "100-500": 0.39705882352941174,
    "500-1000": 0.21348314606741572
  }
}